,cuisine,count,percentage,state_code
0,Afghan,1,0.010869565217391304,DC
58,Mediterranean,1,0.010869565217391304,DC
67,Pub Food,1,0.010869565217391304,DC
66,Portuguese,1,0.010869565217391304,DC
65,Pizza,1,0.010869565217391304,DC
64,Peruvian,1,0.010869565217391304,DC
63,Pakistani,1,0.010869565217391304,DC
62,New American,1,0.010869565217391304,DC
61,Moroccan,1,0.010869565217391304,DC
60,Middle Eastern,1,0.010869565217391304,DC
