,cuisine,count,percentage,state_code
0,American,3,0.02564102564102564,ID
12,Chinese,3,0.02564102564102564,ID
32,Ice Cream,3,0.02564102564102564,ID
33,Indian,3,0.02564102564102564,ID
22,Fast Food,3,0.02564102564102564,ID
36,Italian,3,0.02564102564102564,ID
18,Diner,3,0.02564102564102564,ID
17,Desserts,3,0.02564102564102564,ID
42,Mexican,3,0.02564102564102564,ID
45,Pizza,3,0.02564102564102564,ID
