,cuisine,count,percentage,state_code
1,American,9,0.024193548387096774,IN
56,Sandwich,9,0.024193548387096774,IN
27,Fast Food,9,0.024193548387096774,IN
50,Pizza,9,0.024193548387096774,IN
32,Greek,9,0.024193548387096774,IN
63,Steak,9,0.024193548387096774,IN
22,Diner,9,0.024193548387096774,IN
46,Mexican,9,0.024193548387096774,IN
36,Ice Cream,9,0.024193548387096774,IN
17,Coffee and Tea,9,0.024193548387096774,IN
