,cuisine,count,percentage,state_code
0,American,3,0.022388059701492536,KS
19,Donuts,3,0.022388059701492536,KS
23,French,3,0.022388059701492536,KS
31,Ice Cream,3,0.022388059701492536,KS
32,Indian,3,0.022388059701492536,KS
1,Asian,3,0.022388059701492536,KS
35,Italian,3,0.022388059701492536,KS
37,Japanese,3,0.022388059701492536,KS
42,Mexican,3,0.022388059701492536,KS
47,Pizza,3,0.022388059701492536,KS
