,cuisine,count,percentage,state_code
44,Ice Cream,5,0.016233766233766232,LA
57,Mexican,5,0.016233766233766232,LA
33,Fast Food,5,0.016233766233766232,LA
36,French,5,0.016233766233766232,LA
40,Greek,5,0.016233766233766232,LA
43,Healthy Food,5,0.016233766233766232,LA
45,Indian,5,0.016233766233766232,LA
46,International,5,0.016233766233766232,LA
49,Italian,5,0.016233766233766232,LA
51,Japanese,5,0.016233766233766232,LA
