,cuisine,count,percentage,state_code
25,Chinese,9,0.020930232558139535,MA
78,Pizza,9,0.020930232558139535,MA
87,Sandwich,9,0.020930232558139535,MA
89,Seafood,9,0.020930232558139535,MA
13,Breakfast,9,0.020930232558139535,MA
36,Donuts,9,0.020930232558139535,MA
10,Bar Food,9,0.020930232558139535,MA
69,Mexican,9,0.020930232558139535,MA
58,Italian,9,0.020930232558139535,MA
26,Coffee and Tea,9,0.020930232558139535,MA
