,cuisine,count,percentage,state_code
0,Afghan,1,0.011111111111111112,MD
67,Salad,1,0.011111111111111112,MD
65,Pub Food,1,0.011111111111111112,MD
64,Portuguese,1,0.011111111111111112,MD
63,Pizza,1,0.011111111111111112,MD
62,Peruvian,1,0.011111111111111112,MD
61,Pakistani,1,0.011111111111111112,MD
60,New American,1,0.011111111111111112,MD
59,Moroccan,1,0.011111111111111112,MD
58,Middle Eastern,1,0.011111111111111112,MD
