,cuisine,count,percentage,state_code
52,Indian,6,0.015748031496062992,MI
87,Southern,6,0.015748031496062992,MI
22,Chinese,6,0.015748031496062992,MI
23,Coffee and Tea,6,0.015748031496062992,MI
80,Sandwich,6,0.015748031496062992,MI
72,Pizza,6,0.015748031496062992,MI
65,Mexican,6,0.015748031496062992,MI
28,Deli,6,0.015748031496062992,MI
29,Desserts,6,0.015748031496062992,MI
64,Mediterranean,6,0.015748031496062992,MI
