,cuisine,count,percentage,state_code
0,American,2,0.027777777777777776,MT
29,Pizza,2,0.027777777777777776,MT
1,Asian,2,0.027777777777777776,MT
23,International,2,0.027777777777777776,MT
24,Italian,2,0.027777777777777776,MT
25,Japanese,2,0.027777777777777776,MT
26,Korean,2,0.027777777777777776,MT
27,Mexican,2,0.027777777777777776,MT
30,Salad,2,0.027777777777777776,MT
20,Greek,2,0.027777777777777776,MT
