,cuisine,count,percentage,state_code
19,Chinese,4,0.016877637130801686,NC
27,Diner,4,0.016877637130801686,NC
25,Desserts,4,0.016877637130801686,NC
59,Mexican,4,0.016877637130801686,NC
68,Pizza,4,0.016877637130801686,NC
75,Sandwich,4,0.016877637130801686,NC
76,Seafood,4,0.016877637130801686,NC
20,Coffee and Tea,4,0.016877637130801686,NC
29,Donuts,4,0.016877637130801686,NC
18,Caribbean,4,0.016877637130801686,NC
