,cuisine,count,percentage,state_code
16,Coffee and Tea,8,0.02359882005899705,NJ
56,Pizza,8,0.02359882005899705,NJ
21,Desserts,8,0.02359882005899705,NJ
24,Donuts,8,0.02359882005899705,NJ
50,Mexican,8,0.02359882005899705,NJ
64,Sandwich,8,0.02359882005899705,NJ
47,Latin American,8,0.02359882005899705,NJ
15,Chinese,8,0.02359882005899705,NJ
65,Seafood,8,0.02359882005899705,NJ
12,Cafe,8,0.02359882005899705,NJ
