,cuisine,count,percentage,state_code
0,Afghan,2,0.011904761904761904,NV
53,Irish,2,0.011904761904761904,NV
63,Mexican,2,0.011904761904761904,NV
62,Mediterranean,2,0.011904761904761904,NV
60,Latin American,2,0.011904761904761904,NV
59,Korean,2,0.011904761904761904,NV
58,Juices,2,0.011904761904761904,NV
56,Japanese,2,0.011904761904761904,NV
54,Italian,2,0.011904761904761904,NV
52,Iranian,2,0.011904761904761904,NV
