,cuisine,count,percentage,state_code
57,Italian,10,0.017482517482517484,OR
14,Burger,10,0.017482517482517484,OR
32,Donuts,10,0.017482517482517484,OR
37,Fast Food,10,0.017482517482517484,OR
48,Healthy Food,10,0.017482517482517484,OR
50,Ice Cream,10,0.017482517482517484,OR
1,American,10,0.017482517482517484,OR
23,Coffee and Tea,10,0.017482517482517484,OR
22,Chinese,10,0.017482517482517484,OR
59,Japanese,10,0.017482517482517484,OR
