,cuisine,count,percentage,state_code
56,Ice Cream,5,0.01366120218579235,PA
92,Seafood,5,0.01366120218579235,PA
85,Pub Food,5,0.01366120218579235,PA
81,Pizza,5,0.01366120218579235,PA
27,Chinese,5,0.01366120218579235,PA
28,Coffee and Tea,5,0.01366120218579235,PA
74,Middle Eastern,5,0.01366120218579235,PA
73,Mexican,5,0.01366120218579235,PA
72,Mediterranean,5,0.01366120218579235,PA
69,Latin American,5,0.01366120218579235,PA
