,cuisine,count,percentage,state_code
83,Vietnamese,3,0.016304347826086956,SC
20,Chinese,3,0.016304347826086956,SC
69,Southern,3,0.016304347826086956,SC
47,Japanese,3,0.016304347826086956,SC
66,Seafood,3,0.016304347826086956,SC
65,Sandwich,3,0.016304347826086956,SC
26,Deli,3,0.016304347826086956,SC
27,Desserts,3,0.016304347826086956,SC
28,Diner,3,0.016304347826086956,SC
29,Donuts,3,0.016304347826086956,SC
