,cuisine,count,percentage
0,African,1,0.01639344262295082
31,Indian,1,0.01639344262295082
33,Italian,1,0.01639344262295082
34,Jamaican,1,0.01639344262295082
35,Japanese,1,0.01639344262295082
36,Korean,1,0.01639344262295082
37,Mediterranean,1,0.01639344262295082
38,Mexican,1,0.01639344262295082
39,Middle Eastern,1,0.01639344262295082
40,Moroccan,1,0.01639344262295082
