,cuisine,count,percentage,state_code
2,American,90,0.019463667820069204,CA
29,Chinese,90,0.019463667820069204,CA
18,Burger,90,0.019463667820069204,CA
78,Mexican,90,0.019463667820069204,CA
46,Fast Food,90,0.019463667820069204,CA
41,Donuts,90,0.019463667820069204,CA
91,Pizza,90,0.019463667820069204,CA
102,Sandwich,89,0.019247404844290657,CA
37,Desserts,89,0.019247404844290657,CA
30,Coffee and Tea,89,0.019247404844290657,CA
