,cuisine,count,percentage
58,Japanese,4,0.016194331983805668
35,Donuts,4,0.016194331983805668
85,Seafood,4,0.016194331983805668
32,Desserts,4,0.016194331983805668
94,Sushi,4,0.016194331983805668
66,Mexican,4,0.016194331983805668
93,Steak,4,0.016194331983805668
56,Italian,4,0.016194331983805668
26,Coffee and Tea,4,0.016194331983805668
25,Chinese,4,0.016194331983805668
