,cuisine,count,percentage,state_code
58,Japanese,4,0.016194331983805668,CO
35,Donuts,4,0.016194331983805668,CO
85,Seafood,4,0.016194331983805668,CO
32,Desserts,4,0.016194331983805668,CO
94,Sushi,4,0.016194331983805668,CO
66,Mexican,4,0.016194331983805668,CO
93,Steak,4,0.016194331983805668,CO
56,Italian,4,0.016194331983805668,CO
26,Coffee and Tea,4,0.016194331983805668,CO
25,Chinese,4,0.016194331983805668,CO
