,cuisine,count,percentage,state_code
0,Afghan,1,0.015873015873015872,DE
47,Pub Food,1,0.015873015873015872,DE
34,Irish,1,0.015873015873015872,DE
35,Italian,1,0.015873015873015872,DE
36,Jamaican,1,0.015873015873015872,DE
37,Japanese,1,0.015873015873015872,DE
38,Korean,1,0.015873015873015872,DE
39,Latin American,1,0.015873015873015872,DE
40,Mediterranean,1,0.015873015873015872,DE
41,Mexican,1,0.015873015873015872,DE
