,cuisine,count,percentage,state_code
38,Donuts,14,0.012444444444444444,FL
17,Burger,14,0.012444444444444444,FL
74,Latin American,14,0.012444444444444444,FL
68,Japanese,14,0.012444444444444444,FL
66,Italian,14,0.012444444444444444,FL
89,Pizza,14,0.012444444444444444,FL
55,Greek,14,0.012444444444444444,FL
44,Fast Food,14,0.012444444444444444,FL
43,European,14,0.012444444444444444,FL
99,Sandwich,14,0.012444444444444444,FL
