,cuisine,count,percentage,state_code
80,Pizza,3,0.013824884792626729,GA
56,Indian,3,0.013824884792626729,GA
24,Caribbean,3,0.013824884792626729,GA
61,Italian,3,0.013824884792626729,GA
27,Chinese,3,0.013824884792626729,GA
28,Coffee and Tea,3,0.013824884792626729,GA
100,Sushi,3,0.013824884792626729,GA
99,Steak,3,0.013824884792626729,GA
91,Seafood,3,0.013824884792626729,GA
58,International,3,0.013824884792626729,GA
