,cuisine,count,percentage
49,Mexican,6,0.021739130434782608
43,Italian,6,0.021739130434782608
65,Steak,6,0.021739130434782608
61,Seafood,6,0.021739130434782608
24,Diner,6,0.021739130434782608
66,Sushi,6,0.021739130434782608
22,Desserts,6,0.021739130434782608
60,Sandwich,6,0.021739130434782608
36,Greek,6,0.021739130434782608
1,American,6,0.021739130434782608
