,cuisine,count,percentage,state_code
49,Mexican,6,0.021739130434782608,IA
43,Italian,6,0.021739130434782608,IA
65,Steak,6,0.021739130434782608,IA
61,Seafood,6,0.021739130434782608,IA
24,Diner,6,0.021739130434782608,IA
66,Sushi,6,0.021739130434782608,IA
22,Desserts,6,0.021739130434782608,IA
60,Sandwich,6,0.021739130434782608,IA
36,Greek,6,0.021739130434782608,IA
1,American,6,0.021739130434782608,IA
