,cuisine,count,percentage,state_code
62,Japanese,10,0.012987012987012988,IL
60,Italian,10,0.012987012987012988,IL
42,Fast Food,10,0.012987012987012988,IL
93,Sandwich,10,0.012987012987012988,IL
83,Pizza,10,0.012987012987012988,IL
70,Mexican,10,0.012987012987012988,IL
25,Chinese,10,0.012987012987012988,IL
26,Coffee and Tea,10,0.012987012987012988,IL
57,International,10,0.012987012987012988,IL
96,Seafood,10,0.012987012987012988,IL
