,cuisine,count,percentage
0,American,3,0.022388059701492536
19,Donuts,3,0.022388059701492536
23,French,3,0.022388059701492536
31,Ice Cream,3,0.022388059701492536
32,Indian,3,0.022388059701492536
1,Asian,3,0.022388059701492536
35,Italian,3,0.022388059701492536
37,Japanese,3,0.022388059701492536
42,Mexican,3,0.022388059701492536
47,Pizza,3,0.022388059701492536
