,cuisine,count,percentage
0,American,1,0.030303030303030304
17,Healthy Food,1,0.030303030303030304
31,Tea,1,0.030303030303030304
30,Sushi,1,0.030303030303030304
29,Steak,1,0.030303030303030304
28,Southern,1,0.030303030303030304
27,Seafood,1,0.030303030303030304
26,Sandwich,1,0.030303030303030304
25,Salad,1,0.030303030303030304
24,Pizza,1,0.030303030303030304
