,cuisine,count,percentage,state_code
0,American,1,0.030303030303030304,KY
17,Healthy Food,1,0.030303030303030304,KY
31,Tea,1,0.030303030303030304,KY
30,Sushi,1,0.030303030303030304,KY
29,Steak,1,0.030303030303030304,KY
28,Southern,1,0.030303030303030304,KY
27,Seafood,1,0.030303030303030304,KY
26,Sandwich,1,0.030303030303030304,KY
25,Salad,1,0.030303030303030304,KY
24,Pizza,1,0.030303030303030304,KY
