,cuisine,count,percentage
25,Chinese,9,0.020930232558139535
78,Pizza,9,0.020930232558139535
87,Sandwich,9,0.020930232558139535
89,Seafood,9,0.020930232558139535
13,Breakfast,9,0.020930232558139535
36,Donuts,9,0.020930232558139535
10,Bar Food,9,0.020930232558139535
69,Mexican,9,0.020930232558139535
58,Italian,9,0.020930232558139535
26,Coffee and Tea,9,0.020930232558139535
