,cuisine,count,percentage
0,Afghan,1,0.011111111111111112
67,Salad,1,0.011111111111111112
65,Pub Food,1,0.011111111111111112
64,Portuguese,1,0.011111111111111112
63,Pizza,1,0.011111111111111112
62,Peruvian,1,0.011111111111111112
61,Pakistani,1,0.011111111111111112
60,New American,1,0.011111111111111112
59,Moroccan,1,0.011111111111111112
58,Middle Eastern,1,0.011111111111111112
