,cuisine,count,percentage
52,Indian,6,0.015748031496062992
87,Southern,6,0.015748031496062992
22,Chinese,6,0.015748031496062992
23,Coffee and Tea,6,0.015748031496062992
80,Sandwich,6,0.015748031496062992
72,Pizza,6,0.015748031496062992
65,Mexican,6,0.015748031496062992
28,Deli,6,0.015748031496062992
29,Desserts,6,0.015748031496062992
64,Mediterranean,6,0.015748031496062992
