,cuisine,count,percentage,state_code
0,American,2,0.02666666666666667,MN
32,Sandwich,2,0.02666666666666667,MN
21,Indian,2,0.02666666666666667,MN
1,Asian,2,0.02666666666666667,MN
24,Italian,2,0.02666666666666667,MN
25,Japanese,2,0.02666666666666667,MN
28,Mexican,2,0.02666666666666667,MN
30,Pizza,2,0.02666666666666667,MN
33,Seafood,2,0.02666666666666667,MN
19,Greek,2,0.02666666666666667,MN
