,cuisine,count,percentage,state_code
74,Steak,3,0.01948051948051948,MO
81,Tex-Mex,3,0.01948051948051948,MO
47,Italian,3,0.01948051948051948,MO
42,Ice Cream,3,0.01948051948051948,MO
48,Japanese,3,0.01948051948051948,MO
68,Sandwich,3,0.01948051948051948,MO
37,German,3,0.01948051948051948,MO
70,Seafood,3,0.01948051948051948,MO
31,Fast Food,3,0.01948051948051948,MO
62,Pizza,3,0.01948051948051948,MO
