,cuisine,count,percentage,state_code
0,American,2,0.017094017094017096,MS
49,Sandwich,2,0.017094017094017096,MS
32,Indian,2,0.017094017094017096,MS
34,Italian,2,0.017094017094017096,MS
35,Japanese,2,0.017094017094017096,MS
38,Latin American,2,0.017094017094017096,MS
39,Mediterranean,2,0.017094017094017096,MS
40,Mexican,2,0.017094017094017096,MS
42,New American,2,0.017094017094017096,MS
43,Pakistani,2,0.017094017094017096,MS
