,cuisine,count,percentage
0,American,2,0.017094017094017096
49,Sandwich,2,0.017094017094017096
32,Indian,2,0.017094017094017096
34,Italian,2,0.017094017094017096
35,Japanese,2,0.017094017094017096
38,Latin American,2,0.017094017094017096
39,Mediterranean,2,0.017094017094017096
40,Mexican,2,0.017094017094017096
42,New American,2,0.017094017094017096
43,Pakistani,2,0.017094017094017096
