,cuisine,count,percentage
19,Chinese,4,0.016877637130801686
27,Diner,4,0.016877637130801686
25,Desserts,4,0.016877637130801686
59,Mexican,4,0.016877637130801686
68,Pizza,4,0.016877637130801686
75,Sandwich,4,0.016877637130801686
76,Seafood,4,0.016877637130801686
20,Coffee and Tea,4,0.016877637130801686
29,Donuts,4,0.016877637130801686
18,Caribbean,4,0.016877637130801686
