,cuisine,count,percentage
31,Ice Cream,3,0.02459016393442623
15,Chinese,3,0.02459016393442623
48,Sandwich,3,0.02459016393442623
1,American,3,0.02459016393442623
50,Seafood,3,0.02459016393442623
40,Mexican,3,0.02459016393442623
54,Steak,3,0.02459016393442623
23,Fast Food,3,0.02459016393442623
55,Sushi,3,0.02459016393442623
45,Pizza,3,0.02459016393442623
