,cuisine,count,percentage,state_code
31,Ice Cream,3,0.02459016393442623,ND
15,Chinese,3,0.02459016393442623,ND
48,Sandwich,3,0.02459016393442623,ND
1,American,3,0.02459016393442623,ND
50,Seafood,3,0.02459016393442623,ND
40,Mexican,3,0.02459016393442623,ND
54,Steak,3,0.02459016393442623,ND
23,Fast Food,3,0.02459016393442623,ND
55,Sushi,3,0.02459016393442623,ND
45,Pizza,3,0.02459016393442623,ND
