,cuisine,count,percentage
82,Vietnamese,3,0.01875
65,Sandwich,3,0.01875
34,Greek,3,0.01875
72,Sushi,3,0.01875
38,Ice Cream,3,0.01875
30,Fast Food,3,0.01875
59,Pizza,3,0.01875
43,Italian,3,0.01875
24,Diner,3,0.01875
22,Desserts,3,0.01875
