,cuisine,count,percentage,state_code
40,Ice Cream,3,0.017142857142857144,NM
28,Diner,3,0.017142857142857144,NM
31,Fast Food,3,0.017142857142857144,NM
33,French,3,0.017142857142857144,NM
35,Fusion,3,0.017142857142857144,NM
37,Greek,3,0.017142857142857144,NM
41,Indian,3,0.017142857142857144,NM
42,International,3,0.017142857142857144,NM
43,Italian,3,0.017142857142857144,NM
44,Japanese,3,0.017142857142857144,NM
