,cuisine,count,percentage,state_code
70,Italian,4,0.012195121951219513,NY
48,European,4,0.012195121951219513,NY
31,Chinese,4,0.012195121951219513,NY
32,Coffee and Tea,4,0.012195121951219513,NY
111,Seafood,4,0.012195121951219513,NY
108,Sandwich,4,0.012195121951219513,NY
38,Deli,4,0.012195121951219513,NY
39,Desserts,4,0.012195121951219513,NY
41,Diner,4,0.012195121951219513,NY
43,Donuts,4,0.012195121951219513,NY
