,cuisine,count,percentage,state_code
54,Indian,6,0.013605442176870748,OH
34,Donuts,6,0.013605442176870748,OH
88,Seafood,6,0.013605442176870748,OH
48,Greek,6,0.013605442176870748,OH
25,Coffee and Tea,6,0.013605442176870748,OH
85,Sandwich,6,0.013605442176870748,OH
77,Pizza,6,0.013605442176870748,OH
30,Deli,6,0.013605442176870748,OH
31,Desserts,6,0.013605442176870748,OH
33,Diner,6,0.013605442176870748,OH
