,cuisine,count,percentage
56,Ice Cream,5,0.01366120218579235
92,Seafood,5,0.01366120218579235
85,Pub Food,5,0.01366120218579235
81,Pizza,5,0.01366120218579235
27,Chinese,5,0.01366120218579235
28,Coffee and Tea,5,0.01366120218579235
74,Middle Eastern,5,0.01366120218579235
73,Mexican,5,0.01366120218579235
72,Mediterranean,5,0.01366120218579235
69,Latin American,5,0.01366120218579235
