,cuisine,count,percentage,state_code
0,Afghan,1,0.0136986301369863,RI
37,Ice Cream,1,0.0136986301369863,RI
53,Peruvian,1,0.0136986301369863,RI
52,Pakistani,1,0.0136986301369863,RI
51,New American,1,0.0136986301369863,RI
50,Moroccan,1,0.0136986301369863,RI
49,Middle Eastern,1,0.0136986301369863,RI
48,Mexican,1,0.0136986301369863,RI
47,Mediterranean,1,0.0136986301369863,RI
46,Lebanese,1,0.0136986301369863,RI
