,cuisine,count,percentage
26,Healthy Food,2,0.02197802197802198
35,Mexican,2,0.02197802197802198
25,Greek,2,0.02197802197802198
1,American,2,0.02197802197802198
27,Ice Cream,2,0.02197802197802198
28,Indian,2,0.02197802197802198
29,International,2,0.02197802197802198
30,Italian,2,0.02197802197802198
31,Japanese,2,0.02197802197802198
34,Mediterranean,2,0.02197802197802198
