,cuisine,count,percentage
39,Ice Cream,4,0.018604651162790697
50,Mexican,4,0.018604651162790697
25,Donuts,4,0.018604651162790697
29,Fast Food,4,0.018604651162790697
40,Indian,4,0.018604651162790697
42,International,4,0.018604651162790697
45,Italian,4,0.018604651162790697
46,Japanese,4,0.018604651162790697
47,Korean,4,0.018604651162790697
48,Latin American,4,0.018604651162790697
