,cuisine,count,percentage
71,Mexican,23,0.019896193771626297
2,American,23,0.019896193771626297
26,Chinese,23,0.019896193771626297
62,Japanese,23,0.019896193771626297
5,Asian,23,0.019896193771626297
27,Coffee and Tea,23,0.019896193771626297
42,Fast Food,23,0.019896193771626297
84,Pizza,23,0.019896193771626297
10,Bar Food,23,0.019896193771626297
92,Sandwich,23,0.019896193771626297
