,cuisine,count,percentage
48,Ice Cream,7,0.019178082191780823
12,Breakfast,7,0.019178082191780823
37,Fast Food,7,0.019178082191780823
25,Coffee and Tea,7,0.019178082191780823
24,Chinese,7,0.019178082191780823
54,Italian,7,0.019178082191780823
63,Mexican,7,0.019178082191780823
17,Cafe,7,0.019178082191780823
70,Pizza,7,0.019178082191780823
15,Burger,7,0.019178082191780823
